{
  "valid": true,
  "failures": [],
  "delta_bwt_points": 0.2983417459082205,
  "delta_avg_acc_points": 0.2692983654684511,
  "old_task_delta_gaps_points": [
    0.7995196940998484,
    -0.20283620228340737
  ],
  "control_peak_vram_mb": 6843.90966796875,
  "treatment_peak_vram_mb": 6843.90966796875,
  "vram_threshold_mb": 7500.0,
  "projection_active": true,
  "frozen_basis_nonempty": true,
  "continue": false
}
