{
  "arm": "treatment",
  "task_suite": "reasoning3",
  "seed": 43,
  "rank": 4,
  "max_length": 256,
  "epochs": 2,
  "avg_acc": 0.5675109978588285,
  "bwt": -0.02622014927986213,
  "final_accs": [
    0.39242165663305134,
    0.5440763788096135,
    0.7660349581338208
  ],
  "diagonal_accs": [
    0.4319063638056756,
    0.5570319701967135,
    0.7660349581338208
  ],
  "old_task_deltas": [
    -0.039484707172624256,
    -0.012955591387100007
  ],
  "peak_vram_mb": 6843.90966796875,
  "wall_time_s": 1126.0758669376373,
  "git_revision": "7c4e01d"
}