,Eval_T0,Eval_T1,Eval_T2
Train_T0,0.047779788592131556,0.0,0.0
Train_T1,0.03144840393408143,0.5798415749354648,0.0
Train_T2,0.018645458759596393,0.35771673714448343,0.4615673642012922
