,Eval_T0,Eval_T1,Eval_T2
Train_T0,0.22419722964972685,0.0,0.0
Train_T1,0.22904269749642228,0.07096798570808814,0.0
Train_T2,0.23482205057296493,0.07362458078504582,0.13760336313735225
