,Eval_T0,Eval_T1,Eval_T2
Train_T0,0.22539187451375736,0.0,0.0
Train_T1,0.2302284351518421,0.0713203962981606,0.0
Train_T2,0.23660271051433548,0.0740542925376442,0.13840722456527832
