,Eval_T0,Eval_T1,Eval_T2
Train_T0,0.22438873115828012,0.0,0.0
Train_T1,0.2289657021905081,0.07092362157813197,0.0
Train_T2,0.23484404287983796,0.07363290159900872,0.13756191420544117
