,Eval_T0,Eval_T1,Eval_T2
Train_T0,0.0074835587593089295,0.0,0.0
Train_T1,0.007518878993198901,0.06229025086508423,0.0
Train_T2,0.0026657104861760117,0.038350158816984406,0.19799316378680365
