,Eval_T0,Eval_T1,Eval_T2
Train_T0,0.49120062185707103,0.0,0.0
Train_T1,0.5244315248675985,0.13337622883110017,0.0
Train_T2,0.5328522717668256,0.13795858805918168,0.43908532061402916
