,Eval_T0,Eval_T1,Eval_T2
Train_T0,0.22644309379014527,0.0,0.0
Train_T1,0.23118846118211883,0.07164455567149604,0.0
Train_T2,0.23787240203590182,0.074520745261934,0.13851997475032454
