{
  "arm": "control",
  "task_suite": "current4",
  "seed": 42,
  "rank": 8,
  "max_length": 384,
  "epochs": 2,
  "avg_acc": NaN,
  "bwt": -0.13920682058153752,
  "final_accs": [
    0.29545275331382953,
    0.45622995942907646,
    0.4660090064564513,
    NaN
  ],
  "diagonal_accs": [
    0.33412154034308195,
    0.7710991997969314,
    0.5300914408039565,
    NaN
  ],
  "old_task_deltas": [
    -0.038668787029252416,
    -0.31486924036785496,
    -0.06408243434750521
  ],
  "peak_vram_mb": 8732.9658203125,
  "wall_time_s": 5635.445227146149,
  "git_revision": "7c4e01d"
}