{
  "valid": true,
  "failures": [],
  "delta_bwt_points": -0.008929480489536235,
  "delta_avg_acc_points": -0.008046083930968173,
  "old_task_delta_gaps_points": [
    -0.1564058367372001,
    0.13854687575812763
  ],
  "control_peak_vram_mb": 6843.90966796875,
  "treatment_peak_vram_mb": 6843.90966796875,
  "vram_threshold_mb": 7500.0,
  "projection_active": true,
  "frozen_basis_nonempty": true,
  "continue": false
}
