{
  "arm": "treatment",
  "task_suite": "reasoning3",
  "seed": 43,
  "rank": 4,
  "max_length": 256,
  "epochs": 2,
  "avg_acc": 0.5664678028822622,
  "bwt": -0.026648643554955387,
  "final_accs": [
    0.38417873712000516,
    0.551533632238133,
    0.7636910392886483
  ],
  "diagonal_accs": [
    0.4319063638056756,
    0.5571032926623734,
    0.7636910392886483
  ],
  "old_task_deltas": [
    -0.04772762668567043,
    -0.005569660424240341
  ],
  "peak_vram_mb": 6843.90966796875,
  "wall_time_s": 1501.8400311470032,
  "git_revision": "7c4e01d"
}