{
  "arm": "treatment",
  "task_suite": "reasoning3",
  "seed": 43,
  "rank": 4,
  "max_length": 256,
  "epochs": 2,
  "avg_acc": 0.5661576212370049,
  "bwt": -0.027700416243484766,
  "final_accs": [
    0.38963907436345374,
    0.5438984271519658,
    0.7649353621955952
  ],
  "diagonal_accs": [
    0.4319063638056756,
    0.5570319701967135,
    0.7649353621955952
  ],
  "old_task_deltas": [
    -0.042267289442221856,
    -0.013133543044747675
  ],
  "peak_vram_mb": 6843.90966796875,
  "wall_time_s": 683.5844938755035,
  "git_revision": "0b1266a"
}