{
  "arm": "treatment",
  "task_suite": "reasoning3",
  "seed": 43,
  "rank": 4,
  "max_length": 256,
  "epochs": 2,
  "avg_acc": 0.5669313066796887,
  "bwt": -0.026740575678466633,
  "final_accs": [
    0.3913399701840882,
    0.5441172124613676,
    0.7653367373936102
  ],
  "diagonal_accs": [
    0.4319063638056756,
    0.5570319701967135,
    0.7653367373936102
  ],
  "old_task_deltas": [
    -0.04056639362158737,
    -0.012914757735345894
  ],
  "peak_vram_mb": 6843.90966796875,
  "wall_time_s": 1867.082189321518,
  "git_revision": "7c4e01d"
}