{
  "arm": "treatment",
  "task_suite": "reasoning3",
  "seed": 42,
  "rank": 4,
  "max_length": 256,
  "epochs": 2,
  "avg_acc": 0.5677192952706106,
  "bwt": -0.03252861922089642,
  "final_accs": [
    0.36627792391002695,
    0.55566026425806,
    0.7812196976437449
  ],
  "diagonal_accs": [
    0.42980686950216307,
    0.5571885571077168,
    0.7812196976437449
  ],
  "old_task_deltas": [
    -0.06352894559213612,
    -0.0015282928496567205
  ],
  "peak_vram_mb": 6850.75390625,
  "wall_time_s": 1228.1184341907501,
  "git_revision": "7c4e01d"
}