{
  "arm": "treatment",
  "task_suite": "reasoning3",
  "seed": 43,
  "rank": 4,
  "max_length": 256,
  "epochs": 2,
  "avg_acc": 0.5692412473762564,
  "bwt": -0.02357593129097782,
  "final_accs": [
    0.39373799242837565,
    0.5480484789920578,
    0.7659372707083357
  ],
  "diagonal_accs": [
    0.4319063638056756,
    0.5570319701967135,
    0.7659372707083357
  ],
  "old_task_deltas": [
    -0.03816837137729995,
    -0.008983491204655691
  ],
  "peak_vram_mb": 6843.90966796875,
  "wall_time_s": 1066.974350452423,
  "git_revision": "7c4e01d"
}