{
  "arm": "control",
  "task_suite": "reasoning3",
  "seed": 43,
  "rank": 4,
  "max_length": 256,
  "epochs": 2,
  "avg_acc": 0.5665482637215719,
  "bwt": -0.026559348750060024,
  "final_accs": [
    0.38574279548737717,
    0.5501481634805517,
    0.7637538321967867
  ],
  "diagonal_accs": [
    0.4319063638056756,
    0.5571032926623734,
    0.7637538321967867
  ],
  "old_task_deltas": [
    -0.04616356831829843,
    -0.006955129181821618
  ],
  "peak_vram_mb": 6843.90966796875,
  "wall_time_s": 1050.5663208961487,
  "git_revision": "7c4e01d"
}