,Eval_T0,Eval_T1,Eval_T2
Train_T0,0.004585515593987006,0.0,0.0
Train_T1,0.004822712720691236,0.04470096447837982,0.0
Train_T2,0.0034604931685657085,0.02720088208256122,0.13175878318724454
