,Eval_T0,Eval_T1,Eval_T2
Train_T0,0.007619752739169512,0.0,0.0
Train_T1,0.00719825510858345,0.06262373069410579,0.0
Train_T2,0.002520592296744738,0.03820676167691477,0.20783797002805537
