{
  "arm": "control",
  "task_suite": "reasoning3",
  "seed": 42,
  "rank": 4,
  "max_length": 256,
  "epochs": 2,
  "avg_acc": 0.5652729740720018,
  "bwt": -0.03614532252823527,
  "final_accs": [
    0.36523208501204096,
    0.5494726965413683,
    0.7811141406625961
  ],
  "diagonal_accs": [
    0.42980686950216307,
    0.5571885571077168,
    0.7811141406625961
  ],
  "old_task_deltas": [
    -0.0645747844901221,
    -0.007715860566348431
  ],
  "peak_vram_mb": 6848.810546875,
  "wall_time_s": 1295.886130809784,
  "git_revision": "7c4e01d"
}